1.673060917363215383e+00,1.049062565254879287e+00,1.369701491769857569e+02,1.313546507468461186e+02
1.238559798042822679e+00,1.125874632642863471e+00,1.379209882091561497e+02,1.335147584529149754e+02
9.413385233468423152e-01,1.087143145433949520e+00,1.387221181397643477e+02,1.352189844961233689e+02
7.374324141397349264e-01,9.906104376834082847e-01,1.393689942606975478e+02,1.360159901135085363e+02
5.982238260140507746e-01,8.736512781416342355e-01,1.398070442775375284e+02,1.362275671367539474e+02
5.185009690509645441e-01,7.584964787722403567e-01,1.399999782428148194e+02,1.362984511921787885e+02
5.529123158664909221e-01,6.619189830329054169e-01,1.398192205707631217e+02,1.363455311883765546e+02
6.484399822475415132e-01,6.076355001717402837e-01,1.394100425674887163e+02,1.362708287332409611e+02
7.060623869048322510e-01,5.932533564295884299e-01,1.390490351485681231e+02,1.360909187096571316e+02
7.175774612477481273e-01,5.958104153872760822e-01,1.387916051521353893e+02,1.358701945310314727e+02
7.109293067854465242e-01,5.997928497606422882e-01,1.385868350045498119e+02,1.356489809213218223e+02
7.050293240163327813e-01,6.010266039882763422e-01,1.383929110648425649e+02,1.354376143353886732e+02
7.036951067658280268e-01,6.006293415167421879e-01,1.381985366671355280e+02,1.352342191560689457e+02
7.044961678078744960e-01,6.000924815557459047e-01,1.380067182331098365e+02,1.350364002310946887e+02
7.052719395117271750e-01,5.998965094242482143e-01,1.378210907308825597e+02,1.348437511566843341e+02
7.054953133101632412e-01,5.999218966831453281e-01,1.376424319302801962e+02,1.346567148571130872e+02
7.054254097686216696e-01,5.999838205678834635e-01,1.374699879564932417e+02,1.344755565828588999e+02
7.053342410978152843e-01,6.000111107361417728e-01,1.373029365380022853e+02,1.343001776366374429e+02
7.053049725824415139e-01,6.000105199638990916e-01,1.371408159108929397e+02,1.341303005650204341e+02
7.053150329588058209e-01,6.000032920668827430e-01,1.369833937128044568e+02,1.339656306234856800e+02
7.053312318380410284e-01,5.999993877742403336e-01,1.368304903701852027e+02,1.338059071249642500e+02
7.053409504701682042e-01,5.999990024630239560e-01,1.366819130451081321e+02,1.336508971474004852e+02
7.053455513809786526e-01,5.999997513507823177e-01,1.365374602992602888e+02,1.335003821492225882e+02
7.053489714637863894e-01,6.000002530735741857e-01,1.363969389071518776e+02,1.333541531470075370e+02
7.053530611373231007e-01,6.000003319051309125e-01,1.362601707177710466e+02,1.332120114524042549e+02
7.053578555491174518e-01,6.000002348950145281e-01,1.361269914820639428e+02,1.330737699873811550e+02
7.053628978111722292e-01,6.000001467062664462e-01,1.359972478572239538e+02,1.329392533894658186e+02
7.053679134648374038e-01,6.000001095094047443e-01,1.358707954689369899e+02,1.328082972600790868e+02
7.053728572408781705e-01,6.000001004622574907e-01,1.357474980624462262e+02,1.326807472182051413e+02
7.053777687370245131e-01,6.000000956309821110e-01,1.356272270595674456e+02,1.325564580720528625e+02
7.053826782524701411e-01,6.000000869385950786e-01,1.355098611224450451e+02,1.324352931310690451e+02
7.053875895503715077e-01,6.000000757235138815e-01,1.353952856608335082e+02,1.323171235998966608e+02
7.053924938875683059e-01,6.000000647431179557e-01,1.352833923389805193e+02,1.322018280161317136e+02
7.053973824538356530e-01,6.000000551884983047e-01,1.351740786246931805e+02,1.320892917255901580e+02
7.054022499435664839e-01,6.000000469853163931e-01,1.350672473874765274e+02,1.319794063968031139e+02
7.054070934086176248e-01,6.000000397275575548e-01,1.349628065364671556e+02,1.318720695761846571e+02
7.054119106411521622e-01,6.000000331451029734e-01,1.348606686889438890e+02,1.317671842814614536e+02
7.054166994937536295e-01,6.000000271382640582e-01,1.347607508644680365e+02,1.316646586294558290e+02
7.054214578661200941e-01,6.000000216867159564e-01,1.346629742023692415e+02,1.315644054944974926e+02
7.054261838588608002e-01,6.000000167602975720e-01,1.345672637010360120e+02,1.314663421943895969e+02
7.054308758517093825e-01,6.000000123115574180e-01,1.344735479771915152e+02,1.313703902013796778e+02
7.054355324843624153e-01,6.000000082907775978e-01,1.343817590434703106e+02,1.312764748758617088e+02
7.054401526069206119e-01,6.000000046558322531e-01,1.342918321026038484e+02,1.311845252207653800e+02
7.054447352435383456e-01,6.000000013710968805e-01,1.342037053567194960e+02,1.310944736547542675e+02
7.054492794678074441e-01,5.999999986465520685e-01,1.341173198299411524e+02,1.310062558026144188e+02
7.054537845881975189e-01,5.999999960633244367e-01,1.340326192060801702e+02,1.309198103008880878e+02
7.054582502837922764e-01,5.999999936353374030e-01,1.339495496730148716e+02,1.308350786186052801e+02
7.054626761528735024e-01,5.999999914066391771e-01,1.338680597824217386e+02,1.307520048900336747e+02
7.054670617712692771e-01,5.999999894093865915e-01,1.337881003173519900e+02,1.306705357599359729e+02
7.054714068210380384e-01,5.999999876436685753e-01,1.337096241687436873e+02,1.305906202396487572e+02
7.054757111203048270e-01,5.999999860887134107e-01,1.336325862203170800e+02,1.305122095731308036e+02
7.054799745932014421e-01,5.999999847190086166e-01,1.335569432411552953e+02,1.304352571122119855e+02
7.054841972357154267e-01,5.999999835124559810e-01,1.334826537853197692e+02,1.303597182003130968e+02
7.054883790972136248e-01,5.999999824514768987e-01,1.334096780979391497e+02,1.302855500639603008e+02
7.054925202737161172e-01,5.999999815215661947e-01,1.333379780272841231e+02,1.302127117114757766e+02
7.054966209049711168e-01,5.999999807099275495e-01,1.332675169423857824e+02,1.301411638382854505e+02
7.055006811690045510e-01,5.999999800778454961e-01,1.331982596554968268e+02,1.300708687384696134e+02
7.055047012034008080e-01,5.999999795310451134e-01,1.331301723506448127e+02,1.300017902213183731e+02
7.055086813316570060e-01,5.999999790512653419e-01,1.330632225142738889e+02,1.299338935343210153e+02
7.055126218653742232e-01,5.999999786367531396e-01,1.329973788718970980e+02,1.298671452899280894e+02
7.055165231030552375e-01,5.999999782785873093e-01,1.329326113279634285e+02,1.298015133971971409e+02
7.055203853776792489e-01,5.999999779410422063e-01,1.328688909092260815e+02,1.297369669975852560e+02
7.055242090360468454e-01,5.999999776482136671e-01,1.328061897112543761e+02,1.296734764046673831e+02
7.055279944080815602e-01,5.999999774174755718e-01,1.327444808484004284e+02,1.296110130472864910e+02
7.055317418334930979e-01,5.999999772581529056e-01,1.326837384063845207e+02,1.295495494161631882e+02
7.055354516814562604e-01,5.999999771632713585e-01,1.326239373976156344e+02,1.294890590135529749e+02
7.055391243489869124e-01,5.999999771258305303e-01,1.325650537189544309e+02,1.294295163058719993e+02
7.055427602337219772e-01,5.999999771580998287e-01,1.325070641118526282e+02,1.293708966789752992e+02
7.055463597534868958e-01,5.999999772293898026e-01,1.324499461247814907e+02,1.293131763959179921e+02
7.055499233416097082e-01,5.999999773349069532e-01,1.323936780774546094e+02,1.292563325571819064e+02
7.055534514260858314e-01,5.999999774729050106e-01,1.323382390271807196e+02,1.292003430630000480e+02
7.055569444299258919e-01,5.999999776424070896e-01,1.322836087369276186e+02,1.291451865777784462e+02
7.055604032942651704e-01,5.999999769350129464e-01,1.322297676465618395e+02,1.290908424957712270e+02
7.055638284740429755e-01,5.999999765125069162e-01,1.321766968386901624e+02,1.290372909117462541e+02
7.055672196972375687e-01,5.999999764205061759e-01,1.321243780187175219e+02,1.289845125874130076e+02
7.055705771046324459e-01,5.999999765679829844e-01,1.320727934853201759e+02,1.289324889246944679e+02
7.055739012568936763e-01,5.999999768260323441e-01,1.320219261060393592e+02,1.288812019383966287e+02
7.055771927904257446e-01,5.999999771142837668e-01,1.319717592942751025e+02,1.288306342304117322e+02
7.055804522475866980e-01,5.999999774068749403e-01,1.319222769872968399e+02,1.287807689653284342e+02
7.055836800781518647e-01,5.999999777048790062e-01,1.318734636252230530e+02,1.287315898472946003e+02
7.055868766920595503e-01,5.999999780138346450e-01,1.318253041309930325e+02,1.286830810980261504e+02
7.055900424951494498e-01,5.999999783358137551e-01,1.317777838913123105e+02,1.286352274358984005e+02
7.055931778986530567e-01,5.999999786697167714e-01,1.317308887385255503e+02,1.285880140560584550e+02
7.055962833159589165e-01,5.999999790134912248e-01,1.316846049333580027e+02,1.285414266115089674e+02
7.055993591579724500e-01,5.999999793654088309e-01,1.316389191484695118e+02,1.284954511951047493e+02
7.056024058344148031e-01,5.999999797198912743e-01,1.315938184527785211e+02,1.284500743224103019e+02
7.056054237455954281e-01,5.999999800797638505e-01,1.315492902964995494e+02,1.284052829153760626e+02
7.056084132864247627e-01,5.999999804454417829e-01,1.315053224968769428e+02,1.283610642867793672e+02
7.056113748469119429e-01,5.999999808168502424e-01,1.314619032245669530e+02,1.283174061253833997e+02
7.056143088136173080e-01,5.999999811932564819e-01,1.314190209906320490e+02,1.282742964817852567e+02
7.056172155694200310e-01,5.999999815738076281e-01,1.313766646341158832e+02,1.282317237549152651e+02
7.056200954927032143e-01,5.999999819577069848e-01,1.313348233101715152e+02,1.281896766791453217e+02
7.056229489569163515e-01,5.999999823442636604e-01,1.312934864787119977e+02,1.281481443119799621e+02
7.056257763304567554e-01,5.999999827328832414e-01,1.312526438935556712e+02,1.281071160222957985e+02
7.056285779766828803e-01,5.999999831230309333e-01,1.312122855920420363e+02,1.280665814791015293e+02
7.056313542539420780e-01,5.999999835142174609e-01,1.311724018850928246e+02,1.280265306407921742e+02
7.056341055172488108e-01,5.999999839029352966e-01,1.311329833477051068e+02,1.279869537448650334e+02
7.056368321170236602e-01,5.999999842893728452e-01,1.310940208098218989e+02,1.279478412981006130e+02
7.056395343957292399e-01,5.999999846751524757e-01,1.310555053476114438e+02,1.279091840671417657e+02
7.056422126889242419e-01,5.999999850614538000e-01,1.310174282751034696e+02,1.278709730694793052e+02
7.056448673278448158e-01,5.999999854482422901e-01,1.309797811361679578e+02,1.278331995648189690e+02
7.056474986402722083e-01,5.999999858351487969e-01,1.309425556968203921e+02,1.277958550468144949e+02
7.056501069498194445e-01,5.999999862216471858e-01,1.309057439378436811e+02,1.277589312351393147e+02
7.056526925753311419e-01,5.999999866072497356e-01,1.308693380477079131e+02,1.277224200678868726e+02
7.056552558306729006e-01,5.999999869915374484e-01,1.308333304157731334e+02,1.276863136942812389e+02
7.056577968062035522e-01,5.999999875527183280e-01,1.307977136258085693e+02,1.276506044679401981e+02
7.056603160242503892e-01,5.999999880353227288e-01,1.307624804496815045e+02,1.276152849393290580e+02
7.056628138642605519e-01,5.999999884544396922e-01,1.307276238412017335e+02,1.275803478502632942e+02
7.056652906298931383e-01,5.999999888362476108e-01,1.306931369305182216e+02,1.275457861273224012e+02
7.056677465709929598e-01,5.999999892045184691e-01,1.306590130185273892e+02,1.275115928759324646e+02
7.056701819349976423e-01,5.999999895708603148e-01,1.306252455715011536e+02,1.274777613746583853e+02
7.056725969854686920e-01,5.999999899380644708e-01,1.305918282159274213e+02,1.274442850697213601e+02
7.056749919963829498e-01,5.999999903049992866e-01,1.305587547335608463e+02,1.274111575697181706e+02
7.056773672424117017e-01,5.999999906700717034e-01,1.305260190566598055e+02,1.273783726405464023e+02
7.056797229935630744e-01,5.999999910323055019e-01,1.304936152633989366e+02,1.273459242005229157e+02
7.056820595140316232e-01,5.999999913912472671e-01,1.304615375734526879e+02,1.273138063156869748e+02
7.056843770628837831e-01,5.999999917465850263e-01,1.304297803437393668e+02,1.272820131952795322e+02
7.056866759008351142e-01,5.999999920884142579e-01,1.303983380643399528e+02,1.272505391873710323e+02
7.056889562836781149e-01,5.999999924200303258e-01,1.303672053544995038e+02,1.272193787747214913e+02
7.056912184544500422e-01,5.999999927461773241e-01,1.303363769588539469e+02,1.271885265707057613e+02
7.056934626483022388e-01,5.999999930702536455e-01,1.303058477437565159e+02,1.271579773154242048e+02
7.056956890987360342e-01,5.999999933928285012e-01,1.302756126937383385e+02,1.271277258719501759e+02
7.056978980391420686e-01,5.999999937135361838e-01,1.302456669080871166e+02,1.270977672227241300e+02
7.057000897009865215e-01,5.999999940316014246e-01,1.302160055975541582e+02,1.270680964660657111e+02
7.057022002325042953e-01,5.999999977570082965e-01,1.301866291922316066e+02,1.270387746611596214e+02
7.057043287998218117e-01,5.999999917357440316e-01,1.301575400532945253e+02,1.270097765992869370e+02
7.057064638087934272e-01,5.999999842143747264e-01,1.301287374182441283e+02,1.269810861785616964e+02
7.057085814309428384e-01,5.999999803061663028e-01,1.301002188297739224e+02,1.269526923952126083e+02
7.057106729181665816e-01,5.999999798159549869e-01,1.300719809322527567e+02,1.269245871175210425e+02
7.057127404496148504e-01,5.999999807680198582e-01,1.300440199155654568e+02,1.268967638502322188e+02
7.057147885227973427e-01,5.999999817537877700e-01,1.300163317608252669e+02,1.268692170487426552e+02
7.057168198850276575e-01,5.999999823323921566e-01,1.299889123750846522e+02,1.268419417379896998e+02
7.057188353510406298e-01,5.999999825920759866e-01,1.299617576644359076e+02,1.268149333000908854e+02
7.057208348634762540e-01,5.999999827213592374e-01,1.299348635732480375e+02,1.267881873554466381e+02
7.057228182855088683e-01,5.999999828321576079e-01,1.299082261048525879e+02,1.267616996956787148e+02
7.057247856558469534e-01,5.999999829577347121e-01,1.298818413320344121e+02,1.267354662453667231e+02
7.057267371395624656e-01,5.999999831099553926e-01,1.298557054018821759e+02,1.267094830398198724e+02
7.057286729565969141e-01,5.999999832676853329e-01,1.298298145376138280e+02,1.266837462116525614e+02
7.057305933324132807e-01,5.999999834204083893e-01,1.298041650385672483e+02,1.266582519825199853e+02
7.057324984719790528e-01,5.999999835706784079e-01,1.297787532793407763e+02,1.266329966575550685e+02
7.057343885578778453e-01,5.999999837258336299e-01,1.297535757084683894e+02,1.266079766213601943e+02
7.057362637547540674e-01,5.999999839029460658e-01,1.297286288468254725e+02,1.265831883349478204e+02
7.057381244727324310e-01,5.999999837685114912e-01,1.297039092865249188e+02,1.265586283323679027e+02
7.057399707889417950e-01,5.999999837908717160e-01,1.296794136872593697e+02,1.265342932212679017e+02
7.057418682061284976e-01,5.999999803947567711e-01,1.296551342058145337e+02,1.265101207042713582e+02
7.057437144190089606e-01,5.999999872492247643e-01,1.296310614016400677e+02,1.264861259145566521e+02
7.057455213050006781e-01,5.999999959539596972e-01,1.296071887945187200e+02,1.264623159833385415e+02
7.057473142949355349e-01,6.000000010389993088e-01,1.295835115741567449e+02,1.264386936294451260e+02
7.057491035355266673e-01,6.000000024889873274e-01,1.295600258813236110e+02,1.264152591497008729e+02
7.057508876013187660e-01,6.000000022684043310e-01,1.295367284071794245e+02,1.263920115219568174e+02
7.057526622980508924e-01,6.000000018727822404e-01,1.295136161703334778e+02,1.263689490159961082e+02
7.057544250466045721e-01,6.000000018265102542e-01,1.294906863929323606e+02,1.263460695316643267e+02
7.057561752489138751e-01,6.000000020844135085e-01,1.294679364316359624e+02,1.263233707858382360e+02
7.057579132618874151e-01,6.000000024681862998e-01,1.294453637389010510e+02,1.263008504156071012e+02
7.057596395685089563e-01,6.000000028628265092e-01,1.294229658410050376e+02,1.262785060349950896e+02
7.057613544810696915e-01,6.000000032341963330e-01,1.294007403253500854e+02,1.262563352659225728e+02
7.057630581547441606e-01,6.000000035978695356e-01,1.293786848329096415e+02,1.262343357549282672e+02
7.057647506899215051e-01,6.000000039532239482e-01,1.293567970536938105e+02,1.262125051818062786e+02
7.057664321966465870e-01,6.000000043045118359e-01,1.293350747236246718e+02,1.261908412641787010e+02
7.057681027956286268e-01,6.000000046522931951e-01,1.293135156224792865e+02,1.261693417594196092e+02
7.057697626109744604e-01,6.000000049962149751e-01,1.292921175723026863e+02,1.261480044653278298e+02
7.057714117657422070e-01,6.000000053361275176e-01,1.292708784361188918e+02,1.261268272200767484e+02
7.057730503804503508e-01,6.000000056722366581e-01,1.292497961168180893e+02,1.261058079017743552e+02
7.057746785731537909e-01,6.000000060048862327e-01,1.292288685561537989e+02,1.260849444278188827e+02
7.057762964598643940e-01,6.000000063344627099e-01,1.292080937338104150e+02,1.260642347541523236e+02
7.057779041548306598e-01,6.000000066612946048e-01,1.291874696665207978e+02,1.260436768744679341e+02
7.057795017706394169e-01,6.000000069856641360e-01,1.291669944072216651e+02,1.260232688194027446e+02
7.057810894182220407e-01,6.000000073078236573e-01,1.291466660442388843e+02,1.260030086557319748e+02
7.057826672068585605e-01,6.000000076279784489e-01,1.291264827004996505e+02,1.259828944855740502e+02
7.057842352441713318e-01,6.000000079463577718e-01,1.291064425327674030e+02,1.259629244456109518e+02
7.057857936361597861e-01,6.000000082631148368e-01,1.290865437308992227e+02,1.259430967063263864e+02
7.057873424872582735e-01,6.000000085783858683e-01,1.290667845171235228e+02,1.259234094712625023e+02
7.057888819003506065e-01,6.000000088922746722e-01,1.290471631453376631e+02,1.259038609762959169e+02
7.057904119767707263e-01,6.000000092048888289e-01,1.290276779004240666e+02,1.258844494889323613e+02
7.057919328163415607e-01,6.000000095162850711e-01,1.290083270975844698e+02,1.258651733076196280e+02
7.057934443035941419e-01,6.000000101216150794e-01,1.289891090812304242e+02,1.258460307617049381e+02
7.057949465871091732e-01,6.000000106405314337e-01,1.289700222259202746e+02,1.258270202085440701e+02
7.057964399848849490e-01,6.000000110565339995e-01,1.289510649338972712e+02,1.258081400356362849e+02
7.057979246941891160e-01,6.000000113923465994e-01,1.289322356352907377e+02,1.257893886587739871e+02
7.057994007722566687e-01,6.000000116869463884e-01,1.289135327874904817e+02,1.257707645214780996e+02
7.058008682393508426e-01,6.000000119685814370e-01,1.288949548745673894e+02,1.257522660944287338e+02
7.058023271385910347e-01,6.000000122491586652e-01,1.288765004067191171e+02,1.257338918749047991e+02
7.058037775425608507e-01,6.000000125304491005e-01,1.288581679197287144e+02,1.257156403862344831e+02
7.058052195389279415e-01,6.000000128109506115e-01,1.288399559744375722e+02,1.256975101772573282e+02
7.058066532176909824e-01,6.000000130893723416e-01,1.288218631562309042e+02,1.256794998217980321e+02
7.058080786658862404e-01,6.000000133653468071e-01,1.288038880745368715e+02,1.256616079181524839e+02
7.058094959672707169e-01,6.000000136390036820e-01,1.287860293623389794e+02,1.256438330885860211e+02
7.058109052034330366e-01,6.000000139106368424e-01,1.287682856757001844e+02,1.256261739788450882e+02
7.058123064546782954e-01,6.000000141804168186e-01,1.287506556932998478e+02,1.256086292576796666e+02
7.058136998003403662e-01,6.000000144484152198e-01,1.287331381159812338e+02,1.255911976163791195e+02
7.058150853187552531e-01,6.000000147146689056e-01,1.287157316663106030e+02,1.255738777683183542e+02
7.058164630871651690e-01,6.000000149791976378e-01,1.286984350881465957e+02,1.255566684485157793e+02
7.058178331816535866e-01,6.000000152420442712e-01,1.286812471462208407e+02,1.255395684132021330e+02
7.058191956771669995e-01,6.000000155032428895e-01,1.286641666257275176e+02,1.255225764393993160e+02
7.058205506475246915e-01,6.000000157628427866e-01,1.286471923319240034e+02,1.255056913245100816e+02
7.058218981654614810e-01,6.000000160208738276e-01,1.286303230897406706e+02,1.254889118859174175e+02
7.058232383026370460e-01,6.000000162773864165e-01,1.286135577433996957e+02,1.254722369605935626e+02
7.058245711296621261e-01,6.000000165324080870e-01,1.285968951560434448e+02,1.254556654047185020e+02
7.058258967161076258e-01,6.000000167859833589e-01,1.285803342093712729e+02,1.254391960933076291e+02
7.058272151305220454e-01,6.000000170381452058e-01,1.285638738032851052e+02,1.254228279198481601e+02
7.058285264404526860e-01,6.000000172889278227e-01,1.285475128555434594e+02,1.254065597959442755e+02
7.058298307124591942e-01,6.000000175383632950e-01,1.285312503014232277e+02,1.253903906509705877e+02
7.058311280121309927e-01,6.000000177864833750e-01,1.285150850933893025e+02,1.253743194317339942e+02
7.058324184040919436e-01,6.000000180333221467e-01,1.284990162007726724e+02,1.253583451021430193e+02
7.058337019520263267e-01,6.000000182789122505e-01,1.284830426094547704e+02,1.253424666428852987e+02
7.058349787186901647e-01,6.000000185232794436e-01,1.284671633215601503e+02,1.253266830511121981e+02
7.058362487659268769e-01,6.000000187664588092e-01,1.284513773551551878e+02,1.253109933401311480e+02
7.058375121546751618e-01,6.000000190084801011e-01,1.284356837439548258e+02,1.252953965391045017e+02
7.058387689449893143e-01,6.000000192493728512e-01,1.284200815370351165e+02,1.252798916927560953e+02
7.058400191960528813e-01,6.000000194891640382e-01,1.284045697985524725e+02,1.252644778610838330e+02
7.058412629661979798e-01,6.000000197278781977e-01,1.283891476074690559e+02,1.252491541190788240e+02
7.058425003128993014e-01,6.000000199655524113e-01,1.283738140572852444e+02,1.252339195564515535e+02
7.058437312928012020e-01,6.000000202022084395e-01,1.283585682557769587e+02,1.252187732773633400e+02
7.058449559617293589e-01,6.000000204378765911e-01,1.283434093247391843e+02,1.252037144001646567e+02
7.058461743747082018e-01,6.000000206725772944e-01,1.283283363997357469e+02,1.251887420571387253e+02
7.058473865859615781e-01,6.000000209063415246e-01,1.283133486298538344e+02,1.251738553942510350e+02
7.058485926489262985e-01,6.000000211391944838e-01,1.282984451774646857e+02,1.251590535709046890e+02
7.058497926162766722e-01,6.000000213711559338e-01,1.282836252179884866e+02,1.251443357597005956e+02
7.058509865399233973e-01,6.000000216022550736e-01,1.282688879396655182e+02,1.251297011462035016e+02
7.058521744710247736e-01,6.000000218325166612e-01,1.282542325433316535e+02,1.251151489287127134e+02
7.058533564600039112e-01,6.000000220619623459e-01,1.282396582421990274e+02,1.251006783180382484e+02
7.058545325565560580e-01,6.000000222906225478e-01,1.282251642616407423e+02,1.250862885372814617e+02
7.058557028096621444e-01,6.000000225185130320e-01,1.282107498389814566e+02,1.250719788216207036e+02
7.058568672676054367e-01,6.000000227456584456e-01,1.281964142232910717e+02,1.250577484181015819e+02
7.058580259779645427e-01,6.000000229720822142e-01,1.281821566751841885e+02,1.250435965854316009e+02
7.058591789876349498e-01,6.000000231978064313e-01,1.281679764666226333e+02,1.250295225937793901e+02
7.058603263428427921e-01,6.000000234228524132e-01,1.281538728807226732e+02,1.250155257245779268e+02
7.058614680884417458e-01,6.000000236482082583e-01,1.281398452115647331e+02,1.250016052703352756e+02
7.058626042606674922e-01,6.000000238847674749e-01,1.281258927639916578e+02,1.249877605344725424e+02
7.058637348975814740e-01,6.000000241290923686e-01,1.281120148534739371e+02,1.249739908310582450e+02
7.058648600454765498e-01,6.000000243771315134e-01,1.280982108059024824e+02,1.249602954846884160e+02
7.058659797540546288e-01,6.000000246257334302e-01,1.280844799574167894e+02,1.249466738303064801e+02
7.058670940709540487e-01,6.000000248732937358e-01,1.280708216542350328e+02,1.249331252130281342e+02
7.058682030403221619e-01,6.000000251193481349e-01,1.280572352524878568e+02,1.249196489879704473e+02
7.058693067037766777e-01,6.000000253639320436e-01,1.280437201180554325e+02,1.249062445200848686e+02
7.058704051016425618e-01,6.000000256071769122e-01,1.280302756264084678e+02,1.248929111839944994e+02
7.058714982736481458e-01,6.000000258491620109e-01,1.280169011624521715e+02,1.248796483638346189e+02
7.058725862591023192e-01,6.000000260899160942e-01,1.280035961203733166e+02,1.248664554530968189e+02
7.058736690968518968e-01,6.000000263294507086e-01,1.279903599034894484e+02,1.248533318544762523e+02
7.058747468235082589e-01,6.000000265707652325e-01,1.279771919240909028e+02,1.248402769797423133e+02
7.058758194762230209e-01,6.000000268103506951e-01,1.279640916033348219e+02,1.248272902495212691e+02
7.058768870945809626e-01,6.000000270478937914e-01,1.279510583710608671e+02,1.248143710932370567e+02
7.058779497166157713e-01,6.000000272835054327e-01,1.279380916656700435e+02,1.248015189489350263e+02
7.058790073783212105e-01,6.000000275175422226e-01,1.279251909339882616e+02,1.247887332631440955e+02
7.058800601146432152e-01,6.000000277503121371e-01,1.279123556311331669e+02,1.247760134907423861e+02
7.058811079601599037e-01,6.000000279819794891e-01,1.278995852203841253e+02,1.247633590948245796e+02
7.058821509492357871e-01,6.000000282126018991e-01,1.278868791730543535e+02,1.247507695465725135e+02
7.058831891159211835e-01,6.000000284421973529e-01,1.278742369683654232e+02,1.247382443251276101e+02
7.058842224938238763e-01,6.000000286707789510e-01,1.278616580933244364e+02,1.247257829174663470e+02
7.058852511160610410e-01,6.000000288983672325e-01,1.278491420426034892e+02,1.247133848182775466e+02
7.058862750172427702e-01,6.000000291214968584e-01,1.278366883184359324e+02,1.247010495298169843e+02
7.058872942301103182e-01,6.000000293444676114e-01,1.278242964304530318e+02,1.246887765618794504e+02
7.058883087834186831e-01,6.000000295676601869e-01,1.278119658956236151e+02,1.246765654315743603e+02
7.058893187067606378e-01,6.000000297909472424e-01,1.277996962381214558e+02,1.246644156632594900e+02
7.058903240311116267e-01,6.000000300139252118e-01,1.277874869892166032e+02,1.246523267884292068e+02
7.058913247876053010e-01,6.000000302362641369e-01,1.277753376871682320e+02,1.246402983456043501e+02
7.058923210067192811e-01,6.000000304578172461e-01,1.277632478771192268e+02,1.246283298802254933e+02
7.058933127181292733e-01,6.000000306785671089e-01,1.277512171109926840e+02,1.246164209445476843e+02
7.058942999508469596e-01,6.000000308985504738e-01,1.277392449473907874e+02,1.246045710975373026e+02
7.058952827333915270e-01,6.000000311178050882e-01,1.277273309514955173e+02,1.245927799047710636e+02
7.058962610615160393e-01,6.000000314135461865e-01,1.277154746947067281e+02,1.245810469386839259e+02
7.058972349294047044e-01,6.000000316893848717e-01,1.277036757554064366e+02,1.245693717772099518e+02
7.058982044372056341e-01,6.000000319367706503e-01,1.276919337179128604e+02,1.245577540052656360e+02
7.058991696517284975e-01,6.000000321597498409e-01,1.276802481727609830e+02,1.245461932139545809e+02
7.059001305935028725e-01,6.000000323691850879e-01,1.276686187165911690e+02,1.245346890004895783e+02
7.059010872675794968e-01,6.000000325740090235e-01,1.276570449520631882e+02,1.245232409681095191e+02
7.059020396839849054e-01,6.000000327785441900e-01,1.276455264877736369e+02,1.245118487259969129e+02
7.059029878617192333e-01,6.000000329838188762e-01,1.276340629381702314e+02,1.245005118891959768e+02
7.059039318251559836e-01,6.000000331895480876e-01,1.276226539234662454e+02,1.244892300785302268e+02
7.059048716000417834e-01,6.000000333953229292e-01,1.276112990695559830e+02,1.244780029205198559e+02
7.059058072115258486e-01,6.000000336009639890e-01,1.275999980079325127e+02,1.244668300472997373e+02
7.059067386837937219e-01,6.000000338064704897e-01,1.275887503756078019e+02,1.244557110965385363e+02
7.059076660403260650e-01,6.000000340119021613e-01,1.275775558150342164e+02,1.244446457113591009e+02
7.059085893041805448e-01,6.000000342172994161e-01,1.275664139740273413e+02,1.244336335402604163e+02
7.059095084981150681e-01,6.000000344226791293e-01,1.275553245056905354e+02,1.244226742370408658e+02
7.059104236445855607e-01,6.000000346280536245e-01,1.275442870683404664e+02,1.244117674607228565e+02
7.059113347657356430e-01,6.000000348334164624e-01,1.275333013254340102e+02,1.244009128754786531e+02
7.059122418833783108e-01,6.000000350387679759e-01,1.275223669454964011e+02,1.243901101505576037e+02
7.059131450189881640e-01,6.000000352441107188e-01,1.275114836020505891e+02,1.243793589602143896e+02
7.059140441937004073e-01,6.000000354494543497e-01,1.275006509735478915e+02,1.243686589836389373e+02
7.059149394283293910e-01,6.000000356547946501e-01,1.274898687432997519e+02,1.243580099048871261e+02
7.059158307433646140e-01,6.000000358601396133e-01,1.274791365994106229e+02,1.243474114128127894e+02
7.059167181589796058e-01,6.000000360654931253e-01,1.274684542347122544e+02,1.243368632010007957e+02
7.059176016950369226e-01,6.000000362708556301e-01,1.274578213466985517e+02,1.243263649677015081e+02
7.059184813710843720e-01,6.000000364762346772e-01,1.274472376374620666e+02,1.243159164157660257e+02
7.059193572063671152e-01,6.000000366816314878e-01,1.274367028136312712e+02,1.243055172525827317e+02
7.059202292198279993e-01,6.000000368870487266e-01,1.274262165863088683e+02,1.242951671900147232e+02
7.059210974301154407e-01,6.000000370924897242e-01,1.274157786710111822e+02,1.242848659443384065e+02
7.059219618555915288e-01,6.000000372979122920e-01,1.274053887876089846e+02,1.242746132361821196e+02
7.059228225144174029e-01,6.000000375031463440e-01,1.273950466602694434e+02,1.242644087904652821e+02
7.059235976089230924e-01,6.000000424430812496e-01,1.273847529761687127e+02,1.242542653932923997e+02
7.059244228981657043e-01,6.000000335553501429e-01,1.273745089121030105e+02,1.242441784632214024e+02
7.059252861605944673e-01,6.000000208367112231e-01,1.273643149138401469e+02,1.242341452990824280e+02
7.059261525323166087e-01,6.000000122033554151e-01,1.273541710479188396e+02,1.242241642326131057e+02
7.059270052178150401e-01,6.000000087655713576e-01,1.273440771859095264e+02,1.242142341695774803e+02
7.059278437757873226e-01,6.000000084090588715e-01,1.273340330966022975e+02,1.242043543384783106e+02
7.059286733098466549e-01,6.000000090247381568e-01,1.273240384926839397e+02,1.241945241506436446e+02
7.059294979142205495e-01,6.000000095691191415e-01,1.273140930560814752e+02,1.241847431214187765e+02
7.059303192517508707e-01,6.000000098281462746e-01,1.273041964527990899e+02,1.241750108257559901e+02
7.059311374528288718e-01,6.000000099155559097e-01,1.272943483418200685e+02,1.241653268734075937e+02
7.059319521911184836e-01,6.000000099631215278e-01,1.272845483802877027e+02,1.241556908952197205e+02
7.059327632215524062e-01,6.000000100305292738e-01,1.272747962263486414e+02,1.241461025356003205e+02
7.059335704762563779e-01,6.000000101231327543e-01,1.272650915406266847e+02,1.241365614483598989e+02
7.059343739887262714e-01,6.000000102280936831e-01,1.272554339869597300e+02,1.241270672943833659e+02
7.059352576536241930e-01,6.000000054673646499e-01,1.272458226195890205e+02,1.241176110708535987e+02
7.059360818145185013e-01,6.000000149573466723e-01,1.272362561274757269e+02,1.241081954273488890e+02
7.059368589046481901e-01,6.000000284749370527e-01,1.272267337340593798e+02,1.240988217319206797e+02
7.059376249312878659e-01,6.000000378359009456e-01,1.272172549339567382e+02,1.240894906569786400e+02
7.059383974412863916e-01,6.000000418308671923e-01,1.272078193588711343e+02,1.240802024918300361e+02
7.059391770947422984e-01,6.000000426020805078e-01,1.271984267142183569e+02,1.240709573123226193e+02
7.059399587305421608e-01,6.000000423237210612e-01,1.271890767488630161e+02,1.240617550753931653e+02
7.059407381509027468e-01,6.000000420895744702e-01,1.271797692389034893e+02,1.240525956727503001e+02
7.059415136413195180e-01,6.000000421376874282e-01,1.271705039777874049e+02,1.240434789613500044e+02
7.059422850768646285e-01,6.000000423603013555e-01,1.271612807700469716e+02,1.240344047804362901e+02
7.059430528199650556e-01,6.000000426243878859e-01,1.271520994275115299e+02,1.240253729608841127e+02
7.059438171593788169e-01,6.000000428682170650e-01,1.271429597671949807e+02,1.240163833302571277e+02
7.059445782038197281e-01,6.000000430855760847e-01,1.271338616101948134e+02,1.240074357155453697e+02
7.059453359564289432e-01,6.000000432894406766e-01,1.271248047809769446e+02,1.239985299427287373e+02
7.059460903952149424e-01,6.000000434909151803e-01,1.271157891069886148e+02,1.239896658398233171e+02
7.059468415094810601e-01,6.000000436944198379e-01,1.271068144185788782e+02,1.239808432377693634e+02
7.059475893034570237e-01,6.000000439000883201e-01,1.270978805489705081e+02,1.239720619703757620e+02
7.059483337888423637e-01,6.000000441068061852e-01,1.270889873342234182e+02,1.239633218742726086e+02
7.059490749784748109e-01,6.000000443137540884e-01,1.270801346131967904e+02,1.239546227888675531e+02
7.059498128838547215e-01,6.000000445206475908e-01,1.270713222275123258e+02,1.239459645563042614e+02
7.059505475151106602e-01,6.000000447275111171e-01,1.270625500215185042e+02,1.239373470214233350e+02
7.059512788816587614e-01,6.000000449344407016e-01,1.270538178422553983e+02,1.239287700317244258e+02
7.059520069926712438e-01,6.000000451415004044e-01,1.270451255394195300e+02,1.239202334373297560e+02
7.059527318572488275e-01,6.000000453487037699e-01,1.270364729653291676e+02,1.239117370909480655e+02
7.059534534843998621e-01,6.000000455560506873e-01,1.270278599748897506e+02,1.239032808478396106e+02
7.059541718829900336e-01,6.000000457635319417e-01,1.270192864255595140e+02,1.238948645657814325e+02
7.059548870617157190e-01,6.000000459711348766e-01,1.270107521773160357e+02,1.238864881050328677e+02
7.059555990290893313e-01,6.000000461788609352e-01,1.270022570926225001e+02,1.238781513283019251e+02
7.059563077934360997e-01,6.000000463867140033e-01,1.269938010363949417e+02,1.238698541007117910e+02
7.059570133629123889e-01,6.000000465946917494e-01,1.269853838759696885e+02,1.238615962897675757e+02
7.059577157455072527e-01,6.000000468027946177e-01,1.269770054810708899e+02,1.238533777653240264e+02
7.059584149490508720e-01,6.000000470110181672e-01,1.269686657237788268e+02,1.238451983995529844e+02
7.059591109812078935e-01,6.000000472193652845e-01,1.269603644784983061e+02,1.238370580669115952e+02
7.059598038494843131e-01,6.000000474278298634e-01,1.269521016219275964e+02,1.238289566441108036e+02
7.059604935612266985e-01,6.000000476364129032e-01,1.269438770330275901e+02,1.238208940100839044e+02
7.059611799847027580e-01,6.000000480070648567e-01,1.269356905925716035e+02,1.238128700469398922e+02
7.059618631815183232e-01,6.000000483380291127e-01,1.269275421844957776e+02,1.238048846365213649e+02
7.059625432696612357e-01,6.000000486194323468e-01,1.269194316943346195e+02,1.237969376644403638e+02
7.059632203135384199e-01,6.000000488597470039e-01,1.269113590097885407e+02,1.237890290183366204e+02
7.059638943066490757e-01,6.000000490770996953e-01,1.269033240206569246e+02,1.237811585878733638e+02
7.059644751954100572e-01,6.000000545523858086e-01,1.268953262198061935e+02,1.237733220858501539e+02
7.059651146865569826e-01,6.000000444836943725e-01,1.268873651297637934e+02,1.237655203583410781e+02
7.059658900874816734e-01,6.000000245223526818e-01,1.268794408264651992e+02,1.237577590427379732e+02
7.059666097445772559e-01,6.000000245533549936e-01,1.268715534941523515e+02,1.237500374053621783e+02
7.059672669589093230e-01,6.000000351143770505e-01,1.268637033009052146e+02,1.237423550061023292e+02
7.059679000442680152e-01,6.000000449407026926e-01,1.268558903734646748e+02,1.237347115864914997e+02
7.059684434531166008e-01,6.000000554490031446e-01,1.268481140932876770e+02,1.237270989801387913e+02
7.059690565975965670e-01,6.000000465660769722e-01,1.268403737025663389e+02,1.237195188950256863e+02
7.059698142971531087e-01,6.000000260547827535e-01,1.268326692422906916e+02,1.237119789674389949e+02
7.059705180115479761e-01,6.000000255450336217e-01,1.268250009419939914e+02,1.237044778682310664e+02
7.059711584634920101e-01,6.000000359546749928e-01,1.268173689457700277e+02,1.236970147980467090e+02
7.059717738944703003e-01,6.000000458573780948e-01,1.268097733210059062e+02,1.236895892747012056e+02
7.059723901538157431e-01,6.000000511694792982e-01,1.268022140720441229e+02,1.236822009978915560e+02
7.059730135198770684e-01,6.000000527937593420e-01,1.267946911614154288e+02,1.236748497672147664e+02
7.059736406451255775e-01,6.000000527990968502e-01,1.267872045293386520e+02,1.236675354360694996e+02
7.059742670798306863e-01,6.000000525527297013e-01,1.267797541064784212e+02,1.236602578875179432e+02
7.059748904100255906e-01,6.000000525251398820e-01,1.267723398203477529e+02,1.236530170217360336e+02
7.059755100646613046e-01,6.000000527039041076e-01,1.267649615978540112e+02,1.236458127493402088e+02
7.059761262713118990e-01,6.000000529620270751e-01,1.267576193661841728e+02,1.236386449876759315e+02
7.059767393402761604e-01,6.000000532166055445e-01,1.267503130531964359e+02,1.236315136586102454e+02
7.059773494287953088e-01,6.000000534450833367e-01,1.267430425877068529e+02,1.236244186872082196e+02
7.059779565644332955e-01,6.000000536549527919e-01,1.267358078997215074e+02,1.236173600009624920e+02
7.059785607248697525e-01,6.000000538582013210e-01,1.267286089205945956e+02,1.236103375293600948e+02
7.059791618880333353e-01,6.000000540615810785e-01,1.267214455831116595e+02,1.236033512036429727e+02
7.059797600458928013e-01,6.000000542667447423e-01,1.267143178215199271e+02,1.235964009566718005e+02
7.059803552004854099e-01,6.000000544730710317e-01,1.267072255715295057e+02,1.235894867228424516e+02
7.059809473572177252e-01,6.000000546796822043e-01,1.267001687703025681e+02,1.235826084380296948e+02
7.059815365211180582e-01,6.000000548861363914e-01,1.266931473564381605e+02,1.235757660395460675e+02
7.059821226959797080e-01,6.000000550923526577e-01,1.266861612699556616e+02,1.235689594661092912e+02
7.059827058847586434e-01,6.000000552984089408e-01,1.266792104522769478e+02,1.235621886578153266e+02
7.059832860900984164e-01,6.000000555043825123e-01,1.266722948462081746e+02,1.235554535561142870e+02
7.059838633145948394e-01,6.000000557103067900e-01,1.266654143959208341e+02,1.235487541037882409e+02
7.059844375608483880e-01,6.000000559161913216e-01,1.266585690469323850e+02,1.235420902449301650e+02
7.059850088314203465e-01,6.000000561220314443e-01,1.266517587460851644e+02,1.235354619249005736e+02
7.059855771287927295e-01,6.000000563278293786e-01,1.266449834415279980e+02,1.235288690903580289e+02
7.059861424551459042e-01,6.000000565338595715e-01,1.266382430826976560e+02,1.235223116892108521e+02
7.059867048090271435e-01,6.000000567448690036e-01,1.266315376202828134e+02,1.235157896706336658e+02
7.059872641897788625e-01,6.000000569594686750e-01,1.266248670062468307e+02,1.235093029849482633e+02
7.059878206005102408e-01,6.000000571759417367e-01,1.266182311937818952e+02,1.235028515836764740e+02
7.059883740462002955e-01,6.000000573928755410e-01,1.266116301372912858e+02,1.234964354195168141e+02
7.059889245312664929e-01,6.000000576094840499e-01,1.266050637923697764e+02,1.234900544463228158e+02
7.059894720588125727e-01,6.000000578254900407e-01,1.265985321157848773e+02,1.234837086190821509e+02
7.059900166309477365e-01,6.000000580408695328e-01,1.265920350654584468e+02,1.234773978938961676e+02
7.059905582493190002e-01,6.000000582556674900e-01,1.265855726004484296e+02,1.234711222279603362e+02
7.059910969154438165e-01,6.000000584699207717e-01,1.265791446809303835e+02,1.234648815795445813e+02
7.059916326308141032e-01,6.000000586836442551e-01,1.265727512681789193e+02,1.234586759079739551e+02
7.059921653969007949e-01,6.000000588968428250e-01,1.265663923245493265e+02,1.234525051736095378e+02
7.059926952151215351e-01,6.000000591095187019e-01,1.265600678134588151e+02,1.234463693378293101e+02
7.059932220868204711e-01,6.000000593216803235e-01,1.265537776993683110e+02,1.234402683630088262e+02
7.059937460136715970e-01,6.000000595326914210e-01,1.265475219477689137e+02,1.234342022124902201e+02
7.059942669969415663e-01,6.000000597433425842e-01,1.265413005251462835e+02,1.234281708506047437e+02
7.059947850372421119e-01,6.000000599537095303e-01,1.265351133989818777e+02,1.234221742426038304e+02
7.059953001353334034e-01,6.000000601637831554e-01,1.265289605377267748e+02,1.234162123546612406e+02
7.059958122922428414e-01,6.000000603734998439e-01,1.265228419107835265e+02,1.234102851538534367e+02
7.059963215090631072e-01,6.000000605828004208e-01,1.265167574884877411e+02,1.234043926081404550e+02
7.059968277867987307e-01,6.000000607916627926e-01,1.265107072420898504e+02,1.233985346863465509e+02
7.059973311263318951e-01,6.000000610000807422e-01,1.265046911437364656e+02,1.233927113581411419e+02
7.059978315284445305e-01,6.000000612080619300e-01,1.264987091664525565e+02,1.233869225940196657e+02
7.059982290460234955e-01,6.000000673125674977e-01,1.264927594144276100e+02,1.233811455293090233e+02
7.059986944280212118e-01,6.000000558494628100e-01,1.264868395227330495e+02,1.233753867992370488e+02
7.059992137418317215e-01,6.000000388920458949e-01,1.264809480663032133e+02,1.233696500700374514e+02
7.059997424163596547e-01,6.000000266873845023e-01,1.264750841869312978e+02,1.233639373348904513e+02
7.060002575479958908e-01,6.000000211524788574e-01,1.264692473665188004e+02,1.233582496547130063e+02
7.060007572305823098e-01,6.000000199021719993e-01,1.264634372828822961e+02,1.233525875762415467e+02
7.060012474245220826e-01,6.000000202644862890e-01,1.264576537214044833e+02,1.233469513638370501e+02
7.060017334187707050e-01,6.000000207754404569e-01,1.264518965248126392e+02,1.233413411263781256e+02
7.060022176030334995e-01,6.000000210254604616e-01,1.264461655666326152e+02,1.233357568866304206e+02
7.060027003464499629e-01,6.000000210810763068e-01,1.264404607376904153e+02,1.233301986195387485e+02
7.060031813053084804e-01,6.000000210843248194e-01,1.264347819391216348e+02,1.233246662736528805e+02
7.060036601530409461e-01,6.000000211108901249e-01,1.264291290785011057e+02,1.233191597832164206e+02
7.060041367605455198e-01,6.000000211723839350e-01,1.264235020675549634e+02,1.233136790749775145e+02
7.060046111316544692e-01,6.000000212545048006e-01,1.264179008207831032e+02,1.233082240719887466e+02
7.060050833097182288e-01,6.000000213428010598e-01,1.264123252546503409e+02,1.233027946957026160e+02
7.060055533290665597e-01,6.000000214303192747e-01,1.264067752871323762e+02,1.232973908671178123e+02
7.060060212061685103e-01,6.000000215157630379e-01,1.264012508374691919e+02,1.232920125074045927e+02
7.060064869468016813e-01,6.000000215999967690e-01,1.263957518260305477e+02,1.232866595382464823e+02
7.060070537240946686e-01,6.000000155833006277e-01,1.263902804836764489e+02,1.232813602928479781e+02
7.060075446872846605e-01,6.000000277805753734e-01,1.263848396596305577e+02,1.232761063088156277e+02
7.060079741065057313e-01,6.000000457457749237e-01,1.263794310039519928e+02,1.232708928521317091e+02
7.060083882295392632e-01,6.000000588344392982e-01,1.263740554533086566e+02,1.232657172862157609e+02
7.060088109873540185e-01,6.000000650010092196e-01,1.263687135216978561e+02,1.232605781434882743e+02
7.060092445183853149e-01,6.000000666823447348e-01,1.263634054814643122e+02,1.232554746025092527e+02
7.060096827112034568e-01,6.000000666463176646e-01,1.263581314727069298e+02,1.232504061979441161e+02
7.060101200781837560e-01,6.000000664261219141e-01,1.263528915652922535e+02,1.232453726614263445e+02
7.060105541089163328e-01,6.000000664682553220e-01,1.263476857918247731e+02,1.232403738344067960e+02
7.060109843958105591e-01,6.000000667120301001e-01,1.263425141646964676e+02,1.232354096197792899e+02
7.060114112899403827e-01,6.000000670117695556e-01,1.263373766849155544e+02,1.232304799550409342e+02
7.060118351375721524e-01,6.000000672876810714e-01,1.263322733470045449e+02,1.232255847970990743e+02
7.060122560836652461e-01,6.000000675262991967e-01,1.263272041418518228e+02,1.232207241137130609e+02
7.060126741338184075e-01,6.000000677418461104e-01,1.263221690583972929e+02,1.232158978787065138e+02
7.060130892503848621e-01,6.000000679493234790e-01,1.263171680846030256e+02,1.232111060693100058e+02
7.060135014037547396e-01,6.000000681561938887e-01,1.263122012079844723e+02,1.232063486646903954e+02
7.060139105824967398e-01,6.000000683640031029e-01,1.263072684158869947e+02,1.232016256451326797e+02
7.060143167863671687e-01,6.000000685719638627e-01,1.263023696956232413e+02,1.231969369915782266e+02
7.060147200183509719e-01,6.000000687791592346e-01,1.262975050345386592e+02,1.231922826853593875e+02
7.060151202807577464e-01,6.000000689851833213e-01,1.262926744200404698e+02,1.231876627080428079e+02
7.060155175745720380e-01,6.000000691900183591e-01,1.262878778396062955e+02,1.231830770413338882e+02
7.060159119005848805e-01,6.000000693929314899e-01,1.262831152807913782e+02,1.231785256669943749e+02
7.060163032588980814e-01,6.000000695950414853e-01,1.262783867311889310e+02,1.231740085668771059e+02
7.060166916490155931e-01,6.000000697964797958e-01,1.262736921784522224e+02,1.231695257228040816e+02
7.060170770708289467e-01,6.000000699972364293e-01,1.262690316102656283e+02,1.231650771165803491e+02
7.060174595247394880e-01,6.000000701972173500e-01,1.262644050143287302e+02,1.231606627299720458e+02
7.060178390113399649e-01,6.000000703963392912e-01,1.262598123783398449e+02,1.231562825446866896e+02
7.060182155312039187e-01,6.000000705945601753e-01,1.262552536899790709e+02,1.231519365423548038e+02
7.060185890848369450e-01,6.000000707918696774e-01,1.262507289368911643e+02,1.231476247045118129e+02
7.060189596727053374e-01,6.000000709882730154e-01,1.262462381066686845e+02,1.231433470125810175e+02
7.060193272952819399e-01,6.000000711837742973e-01,1.262417811868347712e+02,1.231391034478568969e+02
7.060196919530659088e-01,6.000000713783779638e-01,1.262373581648266025e+02,1.231348939914880418e+02
7.060200536465871535e-01,6.000000715720871236e-01,1.262329690279782000e+02,1.231307186244607266e+02
7.060204123764097783e-01,6.000000717649036641e-01,1.262286137635038585e+02,1.231265773275828792e+02
7.060207681431298621e-01,6.000000719568272523e-01,1.262242923584812502e+02,1.231224700814675828e+02
7.060211209473755689e-01,6.000000721478584431e-01,1.262200047998351522e+02,1.231183968665173154e+02
7.060214707898069264e-01,6.000000723379989021e-01,1.262157510743206359e+02,1.231143576629077785e+02
7.060218176711193783e-01,6.000000725272477409e-01,1.262115311685070367e+02,1.231103524505722646e+02
7.060221615920445615e-01,6.000000727156056257e-01,1.262073450687615690e+02,1.231063812091857983e+02
7.060225025533519716e-01,6.000000729030712243e-01,1.262031927612328701e+02,1.231024439181498167e+02
7.060228405558497400e-01,6.000000730896444257e-01,1.261990742318355245e+02,1.230985405565766939e+02
7.060231756003844117e-01,6.000000732753238974e-01,1.261949894662337499e+02,1.230946711032744645e+02
7.060235076878469407e-01,6.000000734601088626e-01,1.261909384498258788e+02,1.230908355367318734e+02
7.060238368191688041e-01,6.000000736439961013e-01,1.261869211677284568e+02,1.230870338351031990e+02
7.060241629953287745e-01,6.000000738269830602e-01,1.261829376047608093e+02,1.230832659761936014e+02
7.060244862173461478e-01,6.000000740090691842e-01,1.261789877454297084e+02,1.230795319374444290e+02
7.060248064862896245e-01,6.000000741902502543e-01,1.261750715739140247e+02,1.230758316959187368e+02
7.060251238032757559e-01,6.000000743705231621e-01,1.261711890740495789e+02,1.230721652282869201e+02
7.060254381694691661e-01,6.000000745498854648e-01,1.261673402293140924e+02,1.230685325108122754e+02
7.060257495860837729e-01,6.000000747283327218e-01,1.261635250228125358e+02,1.230649335193372877e+02
7.060260580543865627e-01,6.000000749058612692e-01,1.261597434372621080e+02,1.230613682292696609e+02
7.060263635756981460e-01,6.000000750824664442e-01,1.261559954549777984e+02,1.230578366155684762e+02
7.060266661513887598e-01,6.000000752581446939e-01,1.261522810578580476e+02,1.230543386527307064e+02
7.060269657828861511e-01,6.000000754328902453e-01,1.261486002273701956e+02,1.230508743147778290e+02
7.060272624716743550e-01,6.000000756066989904e-01,1.261449529445365840e+02,1.230474435752425109e+02
7.060275562159010754e-01,6.000000757838263032e-01,1.261413391898898624e+02,1.230440464072321305e+02
7.060278470133021234e-01,6.000000759649412041e-01,1.261377589435188469e+02,1.230406827832580348e+02
7.060281348652469591e-01,6.000000761481348865e-01,1.261342121850397433e+02,1.230373526752718334e+02
7.060284197762242142e-01,6.000000763315995744e-01,1.261306988935646984e+02,1.230340560547018356e+02
7.060287017511795993e-01,6.000000765141314529e-01,1.261272190476897777e+02,1.230307928924339649e+02
7.060289807939590379e-01,6.000000766951720799e-01,1.261237726254819620e+02,1.230275631587950613e+02
7.060292569072507129e-01,6.000000768745681334e-01,1.261203596044670974e+02,1.230243668235385854e+02
7.060295300931265228e-01,6.000000770523274962e-01,1.261169799616174458e+02,1.230212038558310752e+02
7.060298003535091516e-01,6.000000772284858064e-01,1.261136336733399332e+02,1.230180742242400100e+02
7.060300676903986661e-01,6.000000774030601614e-01,1.261103207154636294e+02,1.230149778967222431e+02
7.060303321059204773e-01,6.000000775760521154e-01,1.261070410632276548e+02,1.230119148406123770e+02
7.060305936022996942e-01,6.000000777474590041e-01,1.261037946912690018e+02,1.230088850226117216e+02
7.060308526285820063e-01,6.000000774893443634e-01,1.261005815762121216e+02,1.230058884014574687e+02
7.060311089018761477e-01,6.000000773408252774e-01,1.260974016878756601e+02,1.230029249530349489e+02
7.060313621724310096e-01,6.000000773171760837e-01,1.260942549993788617e+02,1.229999946406904741e+02
7.060316123164555036e-01,6.000000773940362686e-01,1.260911414830146953e+02,1.229970974276693596e+02
7.060318593747229032e-01,6.000000775262558372e-01,1.260880611103993090e+02,1.229942332768768409e+02
7.060321034388574724e-01,6.000000776775440414e-01,1.260850138524483555e+02,1.229914021507404982e+02
7.060323445773120099e-01,6.000000778294891646e-01,1.260819996793461399e+02,1.229886040111109793e+02
7.060325828212544730e-01,6.000000779767415970e-01,1.260790185605409590e+02,1.229858388191910734e+02
7.060328181783070978e-01,6.000000781196396238e-01,1.260760704647516945e+02,1.229831065354910464e+02
7.060330506480111401e-01,6.000000782595540372e-01,1.260731553599730290e+02,1.229804071198024928e+02
7.060332802299766897e-01,6.000000783972647689e-01,1.260702732134734418e+02,1.229777405311824907e+02
7.060335072511286780e-01,6.000000782208659844e-01,1.260674239939287702e+02,1.229751067218945622e+02
7.060337314704530076e-01,6.000000781643589631e-01,1.260646076638385438e+02,1.229725056590333168e+02
